ID,Group,Feature_1,Feature_2,Feature_3
ID001,C,2564.108169660804,387.2108697009374,-2177.48295468853
ID002,B,2399.3209554263567,372.0313000109399,4810.136742431851
ID003,C,2528.5112524753577,400.41657716413147,-2129.528213250026
ID004,C,2370.92091375578,412.8247105475956,-1964.7481230511762
ID005,A,2582.044935268167,399.5254128306402,5753.410763079654
ID006,C,2455.284626750963,383.1020708056914,-2062.689898665662
ID007,C,2338.82560724332,370.4460779222034,-1958.9325275192602
ID008,B,2414.4413894242193,402.1332550696004,4843.672406726598
ID009,C,2472.841620710029,375.3959100102046,-2099.456789067887
ID010,B,2576.722785018671,412.2688932551181,5160.736844778121
ID011,C,2616.378164246038,409.8373321508587,-2216.941211110128
ID012,B,2447.6331709684277,394.27078124156276,4906.261484928012
ID013,A,2469.010442211798,403.8088168322694,5402.073716810709
ID014,B,2583.3737809636127,361.38092561282275,5178.877385617333
ID015,C,2421.287834098063,422.30912387273986,-2015.2724949714964
ID016,B,2462.3940281915,422.2121127263391,4907.041765357866
ID017,A,2445.9084342375277,420.29600643211523,5235.904660502723
ID018,C,2582.583929291329,408.81409192042054,-2176.7828846026646
ID019,A,2428.7179460912444,413.55148740423243,5234.552880464681
ID020,B,2588.8325275070792,390.01819726579726,5170.6904945588185
ID021,C,2611.4211489006543,414.59194017764025,-2186.6123719601487
ID022,B,2502.4722632764265,401.5453157913382,5002.88363137197
ID023,A,2592.056560501444,414.7946223246059,5723.875097194227
ID024,A,2467.4515737257457,396.9469056741861,5418.773398824969
ID025,A,2642.1816881476952,413.0801795095251,5892.2042709787065
ID026,A,2547.7779622033386,398.74863512075547,5652.732705108066
ID027,B,2414.435878700499,400.4990212500089,4824.18249709419
ID028,C,2461.4607791660233,394.94095727466026,-2059.866590658048
ID029,A,2374.169736837614,385.56694407740906,5186.979192108034
ID030,C,2557.6491831692297,389.33333874092125,-2167.5257570088233
ID031,A,2479.6628776260595,409.62143781846487,5399.622637792743
ID032,A,2636.695727952133,393.8840052461569,5934.96046247575
ID033,B,2587.814834239108,411.0557658121028,5161.671726051986
ID034,A,2590.984742458264,387.0120659054791,5851.694731043819
ID035,B,2555.0893823063734,395.0571447947058,5106.9335816623825
ID036,A,2521.00143928095,397.89285817949843,5557.99634388471
ID037,A,2550.658719612318,401.03666215068176,5649.680661888829
ID038,A,2574.714323239967,415.21886296472184,5627.622148395795
ID039,C,2669.817762726211,400.8228868807983,-2269.9466723994847
ID040,B,2608.498813973897,401.744106984929,5215.933550248496
ID041,B,2595.241091037655,409.4908055181024,5187.467113457322
ID042,C,2630.515827045012,383.3963373811921,-2239.308448391895
ID043,C,2221.6424027985,408.4922076976698,-1797.419097095557
ID044,C,2422.0873035476448,405.5347388118598,-2024.3468291806491
ID045,B,2511.5876789715485,410.8824466002521,5027.278661371384
ID046,A,2403.094158462984,416.69544880558266,5133.247011629303
ID047,A,2393.1381278442145,388.61302952768494,5251.277095116449
ID048,C,2493.843719732691,384.00314875971173,-2126.2076385498544
ID049,B,2624.0600269746606,359.5120040902433,5247.672213815993
ID050,A,2429.671316386655,389.13905868807734,5346.266765702881
ID051,C,2576.7959146557773,415.51109519672275,-2152.266094485444
ID052,C,2694.0959973087256,380.2123429270565,-2321.995726345236
ID053,C,2380.866849291661,409.28525570205466,-1956.243004540796
ID054,C,2535.40186244624,392.3910870456186,-2140.2534047379822
ID055,B,2550.6841270129435,401.5111615077785,5108.314280080398
ID056,C,2433.4937612787908,401.6092613115886,-2056.9625308139953
ID057,A,2465.6922290021885,401.39676907290186,5411.909545157168
ID058,B,2640.5310694992813,398.0820118997021,5289.860629825944
ID059,A,2465.284846357988,402.63497720794294,5383.523017823045
ID060,C,2449.2217242362376,423.65652558189146,-2024.9807978551012
ID061,A,2690.6119241891834,414.27092345982203,5980.804318207989
ID062,C,2697.774463158805,405.47600890526036,-2290.8789231571304
ID063,B,2466.954137161632,398.04522929488127,4921.884572949843
ID064,C,2491.558993555711,391.8835607608075,-2089.5688055205624
ID065,A,2405.310024411165,389.33754858232993,5306.152541272233
ID066,C,2546.8214165614845,378.78971690465795,-2170.513147067413
ID067,C,2779.138733746053,402.0454829513175,-2359.417462641252
ID068,A,2597.9057936950203,395.08657817029314,5826.582646360379
ID069,C,2388.8773442726456,397.6200986913735,-1973.8062463264278
ID070,B,2595.154708518715,405.4656028305395,5186.988859796431
ID071,C,2658.695371677251,402.20644065426984,-2280.8356055814784
ID072,B,2300.5977402323465,382.67125665192543,4590.419333437336
ID073,B,2369.5718697646153,406.60695768341293,4732.523312395348
ID074,C,2360.419965730994,374.0810802221263,-1989.33815117813
ID075,A,2455.0216638011775,412.75072909105177,5292.7912851268375
ID076,A,2445.0189926685835,396.93659165505443,5355.423658350854
ID077,B,2421.937344110138,395.4147375543012,4852.346176214292
ID078,A,2471.831026365776,384.97639695805384,5478.2007323587995
ID079,C,2484.8709040380572,391.48028591271486,-2098.6180892812085
ID080,B,2594.958384580806,406.76658354917856,5194.836645130696
ID081,B,2476.524218679339,425.49678900877615,4982.571442984184
ID082,A,2662.449484163571,405.1093441325106,5954.886800433106
ID083,B,2455.2619861212534,413.8578580117966,4900.39413352775
ID084,B,2347.0466041595464,400.7805080167282,4702.240028265779
ID085,A,2667.588005630678,376.0705433372122,6120.727964417726
ID086,A,2617.6200222171847,394.6166297245972,5866.246968590258
ID087,B,2345.568601231121,414.7008984745608,4688.202861990231
ID088,C,2430.2598205505847,390.84443129512164,-2056.907676291179
ID089,B,2589.795695445753,407.73167460158425,5154.369569521037
ID090,B,2634.225083928554,411.74881898900054,5265.136094770245
ID091,B,2629.864939300867,399.72553352198025,5274.609980791621
ID092,C,2498.2293852374696,383.0806237209366,-2101.198267681569
ID093,A,2536.674592493407,395.2783519806111,5624.872765549048
ID094,C,2567.0313000707315,403.172968100466,-2163.2355819520244
ID095,C,2579.318368988648,415.5728255760461,-2155.704675752022
ID096,B,2351.4426777688336,399.01706657100897,4711.750154673822
ID097,C,2524.8764170789054,399.68340729764697,-2120.3160099077463
ID098,C,2497.190316850019,383.820630607104,-2105.0602396661693
ID099,B,2570.325668774744,402.28569583326,5122.171785244327
ID100,C,2543.966429384428,397.86954395149877,-2163.551123697422
ID101,A,2397.469446478629,402.56008086546876,5178.892691288938
ID102,C,2489.658798226455,378.7513997280362,-2128.479014001731
ID103,C,2569.840893004792,421.24794890193823,-2151.2258008979106
ID104,B,2431.1587271635926,374.47967293815054,4851.878586422886
ID105,B,2532.941774061344,404.74762468878595,5061.0579232961645
ID106,C,2638.918332029498,389.90684023255426,-2250.8742868997974
ID107,C,2577.1131723565404,392.7110168729103,-2183.8608353626896
ID108,A,2300.531467776116,394.14687762643484,4935.645036069497
ID109,B,2551.690718337469,389.95387081067196,5095.602473655116
ID110,B,2417.352825766009,375.284558183636,4833.144293552868
ID111,A,2440.4904213769255,414.38433187218635,5252.586144691801
ID112,B,2404.8992608645876,373.53843291515034,4822.812752881491
ID113,A,2621.3061407008827,398.4960569212803,5872.389794941638
ID114,B,2471.445965108139,397.2907659136996,4936.945176194867
ID115,C,2460.744296415364,421.6495413428034,-2041.4503937668126
ID116,C,2384.434470095616,371.3674673154072,-2002.3827359535146
ID117,A,2515.6777755752605,374.0588326366596,5691.041240622481
ID118,B,2642.945669720388,368.2607976661969,5279.795451479325
ID119,B,2360.675842091174,419.66503763209494,4723.445161946878
ID120,B,2264.771702242921,396.399370546051,4529.075117267439
ID121,A,2663.7441186295578,409.700433082092,5957.697251276973
ID122,B,2467.476330416746,396.309255877197,4920.493104876743
ID123,B,2426.4281796047217,405.06474661410294,4870.611417223081
ID124,A,2522.199912866232,393.9763120974215,5599.791173055956
ID125,C,2518.8744359358893,393.6914006368337,-2108.3679134532254
ID126,B,2668.638836714996,405.4598331413344,5342.880474875737
ID127,C,2638.039618454407,409.3017312502988,-2243.997391098939
ID128,A,2700.222948349183,403.96356952015674,6094.877944985912
ID129,B,2471.4770946040653,398.90570568710683,4942.343695898611
ID130,A,2545.157815198077,401.5552342271297,5620.677339164726
ID131,C,2617.247913888988,404.4949176034345,-2211.6443893130045
ID132,A,2377.810705919403,388.4400190680744,5185.202552938119
ID133,A,2460.2284982093247,382.00361765430165,5481.537021470116
ID134,C,2532.021353118716,417.5920302493142,-2136.852450760159
ID135,A,2646.6522238252787,396.41395034407634,5957.776449071097
ID136,C,2391.4259678043945,379.77590401765406,-2016.1085168953796
ID137,B,2646.696652108371,416.8821698335996,5298.622888590776
ID138,A,2615.1842963508184,404.1786989643739,5817.857553585796
ID139,A,2542.686459404853,395.5071539355503,5669.9358921383755
ID140,A,2575.8045185496917,410.8667794713764,5675.919176424777
ID141,A,2681.746664804635,395.0794356023157,6065.276185461825
ID142,A,2271.5473675921144,389.01081869590894,4873.396069322351
ID143,A,2348.2709403465947,395.42464182604874,5068.401140512691
ID144,B,2536.5395393616172,410.87733860827353,5070.175000699308
ID145,A,2622.952384803574,416.3275329545445,5788.880529074232
ID146,A,2518.460093308784,376.26060339895423,5690.4658016480425
ID147,A,2431.6801473392497,404.2237322365866,5259.63641083915
ID148,C,2541.645319662974,430.56696528757203,-2124.0043280280297
ID149,C,2361.1520668568223,409.0614892198937,-1959.2726213043895
ID150,B,2426.7174202781725,410.09277129024935,4855.690735413066
ID151,B,2607.662904659031,395.2597369778239,5227.442968807362
ID152,A,2441.411544053605,381.3750444493819,5399.770948585025
ID153,C,2329.1847659373216,398.9441697756926,-1947.3862575102428
ID154,C,2470.381199745092,406.49270869243367,-2045.286834913736
ID155,B,2661.92510208098,396.737810344179,5327.1297812579305
ID156,C,2525.117759643521,396.37568266947227,-2140.6295438733205
ID157,C,2477.7922786690497,380.67917937117244,-2069.7852227239623
ID158,A,2552.2969187391373,401.5561670841094,5651.77714940838
ID159,C,2292.5103508174943,426.0750297246385,-1864.5256926117859
ID160,A,2617.133082457452,409.5031254010293,5806.872842874569
ID161,A,2302.8238730654107,410.38837322889975,4873.962715797863
ID162,B,2431.108059973337,402.7297740734587,4884.544450237759
ID163,C,2607.3806984697017,384.4850240703077,-2214.78993212878
ID164,B,2644.3728281520443,427.6821511453365,5273.2524231573225
ID165,B,2458.53741945155,387.685920527273,4925.040765494929
ID166,A,2545.539046487967,376.85125092082404,5742.825049315415
ID167,B,2518.6073575982496,392.96595667401766,5039.340135246609
ID168,B,2289.337478650426,376.1595597718085,4575.73327762098
ID169,C,2454.8991139449768,396.7973791083581,-2059.763890732796
ID170,A,2430.0184942229575,366.6319076671293,5451.123604923995
ID171,B,2613.017583618026,403.6260193172267,5223.615203037474
ID172,B,2444.0173977450618,417.2755874777684,4867.229902765937
ID173,A,2556.8261163027782,396.3660921839902,5687.242975631422
ID174,C,2363.6459971553213,410.64107436874895,-1964.917305980983
ID175,B,2423.3911872987896,392.86786772090704,4861.835661578102
ID176,B,2515.6144556666623,407.1453493731454,5049.974783948818
ID177,C,2373.1327550738047,398.76957652378803,-1953.3824417060364
ID178,B,2650.9677894817837,405.1632438411016,5299.366897317794
ID179,C,2646.4007078229706,380.2680176225057,-2289.418776241793
ID180,C,2509.948320571037,405.8903252215943,-2112.3388067280666
ID181,C,2503.405098898584,379.0447240231065,-2125.1608453307376
ID182,B,2444.4492768405016,406.5381478223005,4900.284500447304
ID183,B,2494.5431738031607,400.98654418054616,4989.311725676205
ID184,C,2455.4376500048024,382.4424713334741,-2078.8948893758984
ID185,C,2466.717786798752,386.4440881457155,-2092.708337271324
ID186,C,2531.132146574352,416.9544599236185,-2121.2434246480743
ID187,B,2506.9856996736144,386.11611756526264,5017.355681698903
ID188,B,2547.86236173265,396.9108384905742,5094.322892503961
ID189,C,2406.975682095691,403.36494208370846,-2014.6102502069534
ID190,C,2449.7769994441987,368.85983175106037,-2084.9468794516165
ID191,A,2507.8945394754505,389.7284180318924,5569.727920661156
ID192,A,2489.391041222932,407.68308613974125,5428.193524057191
ID193,C,2484.9263924873976,390.850909081945,-2108.1123392830737
ID194,B,2465.432398828366,409.75559558227496,4946.710460506958
ID195,C,2654.519633885536,390.5871898265697,-2274.195736031769
ID196,C,2538.6000752849113,407.80819252371066,-2138.4172311602815
ID197,B,2564.5988279563066,408.3685991957145,5117.318290019082
ID198,B,2394.234691467659,404.7147858983636,4776.480405624614
ID199,C,2328.36710861365,407.99512888680437,-1929.9613182849446
ID200,C,2612.384288016462,385.2790988247385,-2227.0191458794643
ID201,B,2560.882023934455,364.2787837943915,5127.921139326391
ID202,C,2492.906307556529,410.29441542073033,-2092.692949452291
ID203,A,2572.7496192038748,415.60523853159305,5633.82597378639
ID204,A,2736.4387200533674,416.17574452797794,6150.62298424204
ID205,A,2546.6176264182027,382.32258182135286,5736.286039757991
ID206,A,2582.3952829557034,378.23025354655545,5857.078300704025
ID207,B,2247.209841234367,410.59198638549833,4501.131573187365
ID208,A,2654.6096359035623,409.8181042631875,5906.470839716634
ID209,A,2455.736641652187,407.3167762060244,5323.644725520165
ID210,A,2555.7013867917503,414.6706047242525,5597.502335699702
ID211,B,2424.6770170278346,393.97605417106433,4856.653572830661
ID212,C,2373.6977395333033,389.4059953824175,-1972.165988169668
ID213,B,2493.5445036627025,396.159744403633,4965.292039938656
ID214,B,2504.5056472842653,404.15601376909285,5029.524006192613
ID215,B,2494.8121700292445,387.278806236676,4992.19211983082
ID216,A,2486.715060722186,417.09055889023034,5386.282685598522
ID217,B,2478.7080579963153,395.1235156049505,4958.801312669878
ID218,A,2579.013422948335,395.147307398533,5761.0723981704805
ID219,C,2461.1047824922803,361.41061323426027,-2090.0227732906105
ID220,C,2651.2079247407396,407.7944070796986,-2249.064818217539
ID221,A,2309.467308879035,394.21454391792076,4948.280408079238
ID222,A,2607.004393458967,379.6570455658907,5935.656512579356
ID223,C,2529.784199512897,448.36768111778923,-2076.9227434526933
ID224,B,2458.0395319725226,404.98302455654357,4917.418860243553
ID225,B,2297.486465123708,393.1255553060385,4605.3451186855555
ID226,B,2379.204675080805,409.8283401723593,4757.148427415157
ID227,B,2372.9872284146304,391.2215277400636,4739.506810904143
ID228,B,2636.6483604894906,376.0725470532951,5265.663817698413
ID229,C,2663.163257006011,409.1947720622751,-2240.6189580409477
ID230,C,2463.3437058735794,426.5734772351423,-2029.3409338385813
ID231,B,2353.663234663969,398.23695759109467,4727.5628240279575
ID232,C,2417.5277910937684,389.2526555414495,-2024.479396154913
ID233,A,2456.155216581558,410.9757851436842,5299.891173677237
ID234,B,2507.3891769415713,397.9804547339626,5000.954691024682
ID235,A,2558.102792327933,420.0873896014943,5566.442944316085
ID236,B,2677.6566983111866,412.40667098752476,5351.95615983354
ID237,B,2651.7032504816793,384.54785626761577,5296.308766976748
ID238,C,2625.2350690377,388.821545729503,-2245.850501219928
ID239,B,2335.2418320215043,407.1184097606331,4690.9390688668345
ID240,C,2350.1456190047206,420.40192886153363,-1929.2891821658811
ID241,A,2583.048687909968,394.98688240493715,5768.341036760737
ID242,C,2403.753255173977,410.16098642343684,-2016.8817678027501
ID243,B,2523.664751518783,387.2116806299711,5035.239134351652
ID244,B,2488.411048283095,364.07705260439803,4997.538341647089
ID245,A,2663.056500704522,437.44253317144387,5805.9190310148215
ID246,B,2465.713661444074,430.5085485193075,4926.9323162520495
ID247,A,2549.633754719657,411.6817030534266,5586.8832598147
ID248,C,2464.688173914379,397.889828569814,-2044.5947816765308
ID249,A,2574.8244542499065,406.07635853659093,5684.70294649022
ID250,B,2272.0761427032453,385.5638778121168,4541.420299744338
ID251,B,2711.301478721585,424.02030656558134,5428.866426832447
ID252,C,2610.0753775573944,396.93857174400705,-2216.7579364648814
ID253,A,2436.6522854272594,391.4442502099668,5364.069562374508
ID254,A,2588.666826096775,415.12053764504515,5693.781826311278
ID255,A,2248.898295577725,389.54710266829227,4791.4413635657265
ID256,B,2468.8041091598134,417.8801800535829,4926.723961280912
ID257,A,2583.481415473501,407.1909676018892,5723.804177748291
ID258,B,2345.703571795654,397.73393380871255,4689.177774737874
ID259,A,2449.0793083912504,406.04630621184293,5289.857389376392
ID260,B,2397.051593933411,393.25119504755355,4789.073477221064
ID261,C,2555.171478550321,399.54738336970263,-2155.54468016646
ID262,C,2551.425579439867,420.44042481774625,-2128.073636491842
ID263,C,2578.5690172461364,394.280675123657,-2187.784498473998
ID264,A,2530.599778505504,406.74421242934125,5560.5604045166865
ID265,B,2518.6573130079837,399.42779919600105,5017.604418753841
ID266,A,2582.820387179346,410.0297539229785,5689.530738753118
ID267,A,2473.837261191312,401.47406263341304,5403.903277106054
ID268,C,2558.689156350376,390.99940942282,-2173.078264388855
ID269,A,2457.7030171158244,386.48388636816406,5447.775126802894
ID270,C,2387.076549793105,380.27271542529036,-2005.663470701187
ID271,B,2694.049604544777,396.1406504682893,5404.3602211222105
ID272,A,2636.9139585665093,367.9531273188287,6062.45807116002
ID273,C,2605.0354774230077,379.8320542118759,-2221.3134159325714
ID274,C,2473.906969480333,426.93335834137747,-2063.2759356581714
ID275,A,2458.670980347851,360.5934500203845,5587.868977953338
ID276,C,2411.2309288543806,388.93227959819865,-2014.1115843889618
ID277,B,2504.9757292193863,392.1716696257151,4995.253943476874
ID278,A,2523.0668701807053,423.28795950845836,5464.3303850372995
ID279,B,2585.900227463577,377.468745670651,5150.023156282175
ID280,A,2526.605289999114,404.6310525870322,5545.840032068073
ID281,B,2520.363354034978,393.7294256538846,5035.063674451693
ID282,C,2594.5014059540854,399.4599531347881,-2193.8610835575787
ID283,C,2522.6548474655406,394.5015356102152,-2115.1762962386497
ID284,C,2550.482622143069,383.67931928704036,-2188.296324240196
ID285,C,2541.4087031756985,412.7301532895919,-2150.90066678504
ID286,C,2534.4094539407397,408.838666525664,-2116.216161665947
ID287,C,2599.6064955623083,407.6028810969034,-2214.459727937107
ID288,B,2660.200039710048,403.4018232778077,5327.482896783689
ID289,A,2391.055646908093,410.80069330304144,5121.515886104837
ID290,A,2463.469088797799,393.95660608287443,5428.244849039834
ID291,B,2366.9187493982254,402.050643437405,4735.3528955601005
ID292,B,2497.4628769339156,410.7849476435416,4981.240317234537
ID293,C,2300.072804414745,418.9243237694438,-1888.8109389721687
ID294,C,2521.548673086919,391.9498808698502,-2148.19737361863
ID295,B,2397.351112788759,371.80873616258685,4788.694440606296
ID296,B,2444.7632842597995,394.6369093713961,4887.362557462293
ID297,C,2556.0452324238277,395.55145712131105,-2167.056333955712
ID298,A,2538.0643516252817,385.40420775004264,5691.624415396357
ID299,B,2306.003170894528,415.0822919673031,4590.978952988108
ID300,C,2413.079077917947,378.7703684695051,-2040.905650522571
ID301,B,2381.6029590237385,405.1447620945256,4754.238080694133
ID302,C,2459.7486285271266,388.54251294453854,-2056.500824452851
ID303,C,2380.374267032921,373.9270278156505,-1983.4112977586965
ID304,B,2444.9578443264813,405.52932666532575,4895.279853408204
ID305,B,2610.7721476135657,415.52598213966303,5239.815948802805
ID306,B,2406.433154229167,405.25325767442257,4825.258837012176
ID307,B,2472.075251807605,364.59082701725464,4942.129627649977
ID308,B,2547.137331230496,429.78864445368663,5101.774994657023
ID309,B,2562.8973116923416,386.1035022165317,5114.201072896226
ID310,B,2520.9558178368,405.77613797212763,5042.042448703731
ID311,B,2547.893734069071,396.5885824474158,5085.067181539125
ID312,B,2611.841985343176,436.20414364059116,5217.890554265447
ID313,B,2454.4837122333834,402.1221443552941,4925.251332662851
ID314,B,2695.094827451406,394.14663509220725,5376.261740257919
ID315,C,2438.715869467024,373.5072305444005,-2072.5600129418985
ID316,C,2666.2223845569197,396.48306553115214,-2274.900480905207
ID317,B,2570.743435367718,360.08101783883325,5136.246882274736
ID318,B,2503.4147319734166,403.98587579762403,5001.27538944574
ID319,B,2301.2614481389915,414.0507526415229,4611.51352676392
ID320,A,2435.5743533854607,380.6165253072639,5416.916666482306
ID321,C,2559.936147602989,400.93321871693814,-2147.375046159846
ID322,A,2430.681437543808,400.22721574330666,5269.1909206208375
ID323,C,2623.6519062614016,416.1872751483892,-2208.777813818
ID324,A,2513.7645127142214,379.8964451949963,5657.155589656429
ID325,C,2584.3217470252202,400.2561110003829,-2187.9584755684054
ID326,A,2534.240087558234,403.83854220932665,5592.74632493611
ID327,A,2489.079740471784,387.2170412617223,5541.30760491288
ID328,C,2419.62506446317,424.28970718932254,-1996.1171049726197
ID329,C,2612.2654840179634,409.1879394156524,-2198.403829461448
ID330,C,2482.689313385579,412.04417798867433,-2078.081185714771
ID331,B,2573.7222634947975,384.9595264395806,5142.176412917608
ID332,C,2471.9159390040813,398.29707011689595,-2081.357633678677
ID333,B,2340.925184879773,408.61931354629974,4690.290868964117
ID334,A,2516.2989918628728,399.1515982597365,5572.692870900925
ID335,A,2578.5589008035436,395.90065421763506,5763.333108120259
ID336,C,2442.3771372534607,371.3526878282093,-2079.8915007833075
ID337,C,2485.7455081044473,394.34247486814655,-2089.6645169833305
ID338,B,2724.0129642698857,407.1030109776139,5449.817481228253
ID339,C,2715.5386120573717,401.223323019613,-2320.163538885701
ID340,B,2502.794398172007,396.3979562619618,5004.666096896933
ID341,C,2555.6511705667176,395.50011082903774,-2138.875301694188
ID342,B,2558.283110512458,420.46741280863495,5114.363283601036
ID343,A,2757.319672844651,421.6015026295638,6171.169247444944
ID344,B,2543.1542008824254,421.01656090906783,5083.457823437025
ID345,B,2403.397021986827,390.46680540763145,4787.38341698436
ID346,B,2695.31334160269,415.6010375864247,5387.091837987597
ID347,C,2656.685204952142,396.2578159386374,-2273.6028320858836
ID348,C,2392.8655878462605,378.4101811388707,-2009.8196328666493
ID349,C,2624.0541815210904,405.06350790006684,-2217.359903614178
ID350,A,2400.7812961719733,400.21432566303145,5213.796480949908
ID351,C,2359.785285660105,410.1244775052124,-1944.2812967872965
ID352,B,2417.176367291722,400.12758436160306,4842.556367078272
ID353,B,2312.850908059675,369.7849421353019,4623.232319219835
ID354,C,2554.4255851673415,393.74569342988644,-2160.0639640531044
ID355,C,2603.2888740704816,404.082923098978,-2228.095684178534
ID356,A,2587.459299424241,352.4203436516597,5984.386105419146
ID357,B,2429.0696183952377,405.66820122301255,4842.533133392356
ID358,A,2485.62726503849,380.7108253244094,5567.107589868538
ID359,A,2515.8096077089863,403.2823457140687,5520.814200819124
ID360,C,2620.0225047212857,402.9886094557671,-2220.1870157067765
ID361,C,2651.685737611484,406.75642760088954,-2245.4137004204513
ID362,B,2618.1605040260415,411.1857569472708,5227.656578942319
ID363,C,2478.868387738701,380.40424501877146,-2115.6697010556013
ID364,B,2502.7469812534014,415.4200918535148,5006.669744595347
ID365,B,2434.759284754562,381.1783752741281,4877.652024109205
ID366,A,2439.7714779666276,402.13104943414515,5311.82166437976
ID367,C,2676.6735851125036,419.4331608083356,-2231.771317855199
ID368,C,2446.9486685747493,415.6869049934431,-2002.1777944843536
ID369,B,2534.39556253645,388.88209338353056,5058.05696045152
ID370,A,2528.4906428192894,401.4660713766183,5566.641730908779
ID371,C,2423.586324431312,407.7456206154022,-2021.96593652051
ID372,C,2240.6306559733903,388.73783083501434,-1839.0326976128908
ID373,C,2429.281729821082,386.16076624279856,-2043.1300343022913
ID374,C,2483.171878955051,391.47319340944364,-2095.3182166954675
ID375,C,2419.881287249621,403.8519590852323,-2012.3149933574011
ID376,A,2356.465075622652,391.02112182069,5116.839539633959
ID377,C,2546.8187359826597,400.15277235352,-2166.1272613566425
ID378,B,2374.514010844301,370.83133638948857,4739.518693525351
ID379,A,2514.563744349231,413.1152195875279,5471.73939024809
ID380,C,2518.0511208570597,398.7071113241589,-2126.906089268865
ID381,B,2664.3751187276675,389.6937186055361,5331.103308658905
ID382,A,2549.0771780877994,400.8480399474285,5645.84727502884
ID383,C,2230.1055127697105,394.26869473301497,-1833.8436940449812
ID384,C,2245.374325178562,391.83314658370955,-1829.3994581314598
ID385,B,2615.8555146935178,388.6393455395424,5236.288192032059
ID386,C,2555.661785387732,390.8708103178245,-2174.998593506933
ID387,A,2528.288256829993,414.93127695558724,5522.670441546521
ID388,C,2530.063656019318,418.3474396975466,-2105.0772908748363
ID389,A,2632.5149566759287,394.3448861973883,5927.007792545618
ID390,B,2450.4885326669582,435.9805189462275,4906.239979009896
ID391,B,2277.15210603755,388.5636065482,4574.25584768507
ID392,A,2398.340136434811,390.743558596984,5253.181938343107
ID393,A,2562.5734617626636,405.78584965541205,5656.468962593527
ID394,B,2489.524092244483,399.3023891157303,4954.602788820122
ID395,A,2460.330818848807,404.78066922173923,5352.759858921388
ID396,C,2673.4508861672907,413.934629041137,-2264.481599570558
ID397,B,2389.9302348153046,388.8602765286016,4767.012105693533
ID398,B,2530.1442376719965,405.93422323780004,5047.040495101677
ID399,A,2420.215807620983,393.5165978265739,5309.053901190059
ID400,A,2332.1669520279697,392.41967957587417,5004.232975967192
ID401,A,2614.942132866793,393.9045301713807,5887.9420874322095
ID402,A,2395.4867027006626,408.35809805236283,5153.211388217133
ID403,B,2491.96392383405,413.90316368024713,4939.578914172361
ID404,C,2699.3545804981954,410.9032074441394,-2282.4077399960292
ID405,B,2609.731929606947,382.4021582468602,5231.4128578772015
ID406,B,2513.8722040259777,400.0202627674457,5033.731439794869
ID407,C,2416.4553359825204,426.32954651351207,-1985.5733842894724
ID408,A,2582.6586757377904,402.39813739112174,5741.948690067503
ID409,A,2498.3417369373283,404.91329060589834,5462.592264048793
ID410,B,2332.427070571163,393.96874437183897,4668.790138333243
ID411,A,2350.341501243664,412.55356905083,4991.504286966558
ID412,B,2434.446443990284,404.9159823249814,4860.183208655784
ID413,B,2386.74488075108,395.41165573727073,4792.828763535988
ID414,A,2433.797738407995,372.9645757699385,5444.854120961025
ID415,A,2352.298496592356,374.5887653727383,5197.431026584226
ID416,A,2430.758442742531,392.0907449153835,5338.654446320831
ID417,A,2187.971571807661,423.653171845512,4447.87352601773
ID418,A,2600.2366295923134,396.0212502130667,5820.960366217512
ID419,C,2397.5973847337004,415.4977658940833,-1979.079171803708
ID420,A,2468.280951836674,399.87198687361206,5399.624380172137
ID421,C,2470.0543893707445,412.99769400081914,-2053.753477250745
ID422,B,2642.8930501952645,394.0229549327777,5281.094707316712
ID423,B,2378.456910580933,417.76552889227105,4760.846056480122
ID424,A,2602.9728018744945,401.0745546978621,5802.598627239684
ID425,C,2614.5350312198734,396.8153845804218,-2209.683885957616
ID426,A,2479.4202633158625,374.8361509267153,5572.4384370159405
ID427,A,2531.7312174415847,423.58595787278256,5489.47594694909
ID428,B,2772.7346905072527,388.2346662436377,5549.334617646883
ID429,B,2524.0283034104054,379.6806988592685,5062.569584566835
ID430,A,2527.029215245024,416.81349536473533,5491.283439220475
ID431,C,2489.0206221796693,417.19902671852014,-2063.9917336811727
ID432,B,2443.537976887354,388.9709613208338,4888.2649588925005
ID433,B,2506.9183171669615,400.2831359677457,5009.76516826098
ID434,B,2605.2575711952886,400.18099457617024,5217.119296305208
ID435,C,2414.7231536494037,388.7397797586086,-2023.190088837272
ID436,C,2670.86260376861,371.43092638652183,-2303.7251651956235
ID437,C,2583.2009334058016,396.388318245329,-2205.1876516045304
ID438,B,2448.257848509736,384.02974861568333,4889.918514877288
ID439,B,2560.289437254991,404.6616806795257,5108.208627564959
ID440,B,2429.3472768070633,396.2592418738693,4848.566531674345
ID441,C,2576.0821519906754,402.3459776791877,-2181.5199205068793
ID442,C,2484.9694794999245,400.31569977069177,-2057.3422844505403
ID443,C,2416.283380364746,393.4764133750489,-2013.675222543563
ID444,B,2712.666983094902,405.1990968358331,5413.5765153569655
ID445,B,2467.4621693106287,389.4188220473368,4944.288484104446
ID446,B,2613.0111972885097,413.27602200697487,5215.203331706602
ID447,A,2618.7676811940983,397.91008188815454,5855.097598521932
ID448,A,2676.73648044105,394.7628934466288,6062.848874416535
ID449,C,2458.4528506529905,365.21033477317496,-2092.103837515728
ID450,C,2548.3629503824186,391.1849735098888,-2165.6955177847694
ID451,B,2598.7277710663056,406.3330005909587,5190.712147539483
ID452,C,2483.3016832133117,382.1859149908602,-2079.6702352937195
ID453,C,2567.974309842256,405.4563912678539,-2160.981375752721
ID454,B,2651.676002441047,379.6853529825646,5310.025097463152
ID455,B,2396.1578544399044,416.21935572291204,4818.334607586731
ID456,C,2600.3125519423793,410.94033999729373,-2173.387932312141
ID457,A,2319.4192594665287,386.9942963507255,5024.615276473436
ID458,B,2418.672750580819,389.49276389558077,4852.349070325245
ID459,A,2540.3633151665026,389.50069614123885,5680.975248970757
ID460,C,2560.889671657302,417.83904918893404,-2143.059284596822
ID461,C,2692.2653355842976,379.7535854031197,-2305.7453584655022
ID462,B,2504.3339849673534,430.3474840383232,5003.063129864992
ID463,A,2445.2014838781038,379.05281322564707,5435.136809041997
ID464,C,2405.034487644726,379.2262277743323,-2014.7207362714178
ID465,A,2413.6956734387136,404.6908262657727,5207.93615352066
ID466,C,2541.038087633209,379.71959814996495,-2167.3940174151057
ID467,C,2368.6080492769315,380.01845572807133,-2002.3086442879455
ID468,A,2585.310146315965,407.7596393473939,5731.154589786289
ID469,C,2459.6557932108462,404.88111779417477,-2074.3688434105225
ID470,A,2653.879341408326,413.2800857200707,5898.234696452386
ID471,A,2511.899800668606,412.01414945906214,5482.908408748263
ID472,B,2635.0846421904516,414.42222916104566,5269.068409632188
ID473,C,2694.3798219823475,411.9332592120627,-2285.535277895254
ID474,B,2465.9916222876705,400.06194405394456,4926.357123286677
ID475,A,2500.131582655153,412.73185797341466,5446.169919205694
ID476,C,2397.4264263432324,385.02944834673525,-2008.8241241155117
ID477,C,2601.0549074583346,411.8109215046818,-2194.2519728269185
ID478,A,2557.083806331621,394.0923526040632,5727.030182013737
ID479,A,2463.788601917988,415.8281919536682,5306.179454427037
ID480,C,2256.170891079851,426.6143227741624,-1842.9694946662887
ID481,A,2466.7139807111316,380.2360498882084,5502.269088361645
ID482,B,2530.8150114514597,418.8354450031501,5065.464228132108
ID483,C,2433.379093225723,420.64399813586664,-2016.2470160904932
ID484,A,2643.8655506898695,407.33119107419856,5913.835044620036
ID485,B,2317.5532064024446,407.9291734775224,4627.331785946856
ID486,B,2556.8793111965124,391.9479356409826,5116.431409231226
ID487,A,2565.0500612368537,405.9305434927638,5667.185635217472
ID488,A,2397.9955907199874,424.3727972229403,5075.328316002725
ID489,B,2734.714662074501,407.38708990196665,5452.623980783958
ID490,C,2290.377168204642,419.4262922564315,-1880.2724995185604
ID491,A,2439.980974162042,406.09573543445447,5291.373684813132
ID492,C,2424.551726957588,400.7828652928616,-2015.4953515117736
ID493,A,2431.7548577583484,405.5546025067264,5273.431935045905
ID494,A,2589.115824161555,441.2546982992481,5565.239019692261
ID495,A,2519.5245996647077,363.0728962850531,5732.110749565806
ID496,A,2517.5215239029594,376.6903721888427,5660.536756563638
ID497,B,2467.8502293406805,422.89866303465965,4944.054581499203
ID498,C,2437.8281246521847,406.03582597272566,-2054.9084904430247
ID499,C,2353.687975377513,389.50462106233783,-1970.0490389523495
ID500,C,2510.489663111989,406.083005916685,-2129.5451978817773
ID501,A,2505.961952206389,394.24172338978127,5532.898902875685
ID502,B,2339.627720154322,377.84903274390956,4687.678125180563
ID503,C,2423.1439149429925,406.6672924280805,-2010.7053221899348
ID504,A,2501.0340342578424,389.1556638450085,5560.367736389002
ID505,A,2492.6112286453304,424.250769430024,5372.419883000352
ID506,A,2352.79411755735,416.9264431859866,4997.144337016855
ID507,C,2739.416738539322,401.0851696447981,-2338.9894233321206
ID508,B,2416.69757361345,382.03213382853437,4826.303344927211
ID509,C,2576.1742525062323,387.802999330328,-2184.5924140226152
ID510,C,2416.7987379483193,420.9533180736939,-1988.695298365555
ID511,C,2394.508586209018,404.6895675196707,-1995.0555324937545
ID512,A,2405.5717754079556,392.289154453791,5279.556396067223
ID513,B,2467.4721704115345,393.6719180519904,4932.672512471176
ID514,B,2608.234614407933,400.2600253078737,5207.673596014306
ID515,B,2488.8755068633654,396.1615563029154,4978.935452320207
ID516,C,2410.907185957498,393.3154383029395,-2031.0475676484953
ID517,A,2374.2159667972924,407.383317628447,5085.622198825498
ID518,C,2594.9738321615373,343.0710321108647,-2261.093986820499
ID519,C,2499.55386017618,398.97879423406636,-2108.265721042771
ID520,A,2531.0730050722973,422.5300928807406,5463.518997053276
ID521,B,2572.766024853778,428.6956144858855,5141.115028615229
ID522,A,2470.740363452863,390.9775714171662,5446.621441218867
ID523,B,2488.677622659189,414.7339068068769,4968.8084780429945
ID524,C,2649.6668988616843,386.41680800713544,-2256.8632020110317
ID525,A,2525.529685414042,407.559213942477,5558.973984987808
ID526,B,2442.4358687685153,387.8475631068299,4872.588285948286
ID527,A,2338.7272466814047,388.0232298171522,5066.800574909634
ID528,A,2466.921364630792,404.3897941182371,5385.176549905404
ID529,B,2483.840279839082,380.3379324645365,4966.838647918494
ID530,B,2459.7057464858694,409.2447648121289,4930.992842485966
ID531,C,2622.5093277755514,393.55050581165233,-2228.1099025230706
ID532,A,2579.9382582796834,385.09447785820845,5813.979365891765
ID533,B,2492.303164152241,405.03063280065106,4991.94807279232
ID534,B,2557.0792431730524,407.5296065072307,5112.498213488749
ID535,B,2420.353044116459,392.97688160480385,4839.306196331852
ID536,A,2462.7425336048354,424.44530565469296,5246.045939221852
ID537,B,2382.1905938627388,402.15380439548863,4772.4680619845585
ID538,A,2570.19885477678,412.76251073893576,5665.407694958202
ID539,B,2379.948806223298,407.2673433863935,4751.957193938228
ID540,B,2519.2134346364082,400.9784357448734,5041.694855543662
ID541,A,2554.1394123774644,392.22905787643805,5703.285159651936
ID542,C,2664.590254053898,373.21527305239516,-2298.2691691612654
ID543,A,2385.3183700206323,422.4683033091601,5016.932807495585
ID544,C,2662.7316030753595,397.12558397837904,-2263.794282287243
ID545,C,2510.0749243129076,374.62481488666685,-2138.4582920385556
ID546,B,2572.5552540818694,370.9773165427766,5157.192961346003
ID547,A,2374.1555173439388,405.57749796233554,5074.19686863975
ID548,C,2568.612002665768,422.2893254058569,-2162.3496247599815
ID549,A,2700.0910319570676,427.0098685352706,5993.871861602275
ID550,C,2531.5612469655016,379.67281132046645,-2162.72106960116
ID551,A,2432.741773218475,392.20121324702046,5340.308806829505
ID552,C,2487.0463972528937,414.50850808040315,-2073.7432837897645
ID553,B,2579.764503256453,383.0544167473631,5161.949812055889
ID554,B,2519.9560528791735,409.2331279424874,5024.262243899986
ID555,A,2365.399797072701,389.1670636331877,5150.495679502716
ID556,C,2346.6065586608056,396.7281358989096,-1957.8886722082639
ID557,C,2544.191152381507,395.07730372895065,-2149.992772475386
ID558,C,2610.2647087339974,399.20269160410567,-2218.235005540923
ID559,B,2464.6628123046103,384.4206698755045,4938.897407393721
ID560,C,2544.5949215246596,400.86346171002964,-2158.975561135419
ID561,A,2347.7843865364343,411.2686220230313,4977.43165439062
ID562,C,2674.4494096044345,380.2998884316061,-2301.1458546839626
ID563,A,2491.02081123173,384.9234028879691,5536.175427602926
ID564,C,2641.653493591689,407.2034438661304,-2217.230384345365
ID565,C,2394.052188314807,432.0879635387128,-1959.1284482777799
ID566,A,2258.4209015492056,405.8359858417718,4752.053887751478
ID567,A,2396.8442593955783,396.0959179251584,5221.2946237875085
ID568,A,2500.077292820569,385.64816082435317,5587.012256628381
ID569,B,2496.8310716748656,393.9138241357948,5025.6110867327625
ID570,C,2582.6848444467155,427.4336573518606,-2175.0337972034167
ID571,A,2432.7170021185307,404.1457826631478,5287.126072992774
ID572,C,2525.2584761587354,390.9658819598078,-2151.2504239729715
ID573,A,2424.5778981975773,401.7646100189458,5247.445001666874
ID574,B,2435.1489698974665,380.5783732570174,4872.666443468442
ID575,C,2377.3524633051657,418.08450866319544,-1973.7923542697943
ID576,B,2411.1991473429894,394.04059655664196,4795.7274197074175
ID577,C,2516.5875664139344,406.0467822552794,-2131.7752170420526
ID578,A,2481.764888961433,390.88748088478815,5452.2087839303895
ID579,A,2424.9638803567836,388.0553504765057,5329.176095428772
ID580,A,2434.069543247774,389.45520819731144,5366.170968711187
ID581,B,2524.970147509939,392.0575827666015,5062.843204357537
ID582,A,2350.8727159032283,423.3254031570859,4930.5187888446035
ID583,A,2430.5908990094827,374.95399947563675,5426.77952026727
ID584,A,2527.001464381725,396.638194020853,5612.6662218827005
ID585,B,2583.8621643991314,392.99142351172657,5159.92454171054
ID586,B,2462.5391006601017,399.26191807376205,4931.450539128287
ID587,C,2500.0072368855426,396.753404349593,-2088.2907978339886
ID588,C,2279.1671832521647,388.22517981902973,-1908.5610640626167
ID589,A,2446.557621215458,412.14775950335076,5271.487519878699
ID590,A,2470.3097769336173,387.3757134211972,5464.37981195174
ID591,A,2498.8911727157833,410.6170334450502,5426.806987539002
ID592,A,2312.6257108444734,395.720901842201,4952.805128282913
ID593,A,2580.0626335402244,405.77611721344493,5739.705654678703
ID594,B,2321.503113831911,411.90490667116785,4625.598461094497
ID595,B,2654.391949399043,365.3699665219569,5305.626007779654
ID596,A,2534.1956426671454,384.6216731155115,5681.112261688061
ID597,C,2625.7443266086084,375.7814454696593,-2238.1306101113714
ID598,B,2463.2642191503533,421.83999380436126,4933.551647738081
ID599,B,2542.622133588861,408.34432764366176,5068.907172353561
ID600,A,2346.1737940818803,412.86658878802086,4969.544125761942
ID601,B,2541.038068004067,417.7658529945616,5093.301596425799
ID602,C,2421.9479373255986,371.3875717927331,-2060.209848584908
ID603,C,2396.3920610492664,401.3714746607911,-1981.0673360298342
ID604,C,2432.68295803066,416.93338263525106,-2006.8068612436607
ID605,B,2485.3311897520944,409.92716548492456,4975.768612125933
ID606,B,2368.979235797893,400.2016727717365,4735.043663405172
ID607,A,2417.6413342890587,412.2024726077799,5181.328350905168
ID608,C,2347.0485540945992,402.2440520840306,-1951.5029613872084
ID609,B,2497.200395833446,409.0259813657845,4985.937216840448
ID610,C,2373.8151916084057,412.14713649355286,-1939.042153771423
ID611,B,2446.0535909405517,393.3077516558304,4894.608073355832
ID612,B,2657.0397534122503,412.6129175512549,5329.07935084039
ID613,B,2631.5282563909855,378.9843924999819,5253.933391125784
ID614,B,2641.706853360697,400.80303581246403,5285.300044348282
ID615,B,2556.4691984952656,391.70057981313255,5137.039622763606
ID616,A,2457.210877532881,412.27199628208575,5316.341794017548
ID617,C,2598.0318725054085,377.604050328085,-2220.141649616821
ID618,A,2576.9776062946275,389.83737841463477,5764.614208771908
ID619,C,2475.2292775582105,404.28012396856326,-2055.139838731447
ID620,B,2551.951672446302,396.58842213698205,5124.302491045686
ID621,B,2475.368497700178,441.9449112652315,4949.98535985823
ID622,C,2408.002190880804,402.4604333037958,-1988.9738533175737
ID623,B,2556.593432086924,425.01400488563456,5103.417112574794
ID624,B,2618.1606659805216,418.53276017179206,5216.898941211185
ID625,C,2533.3250644126306,386.70623384664293,-2121.91553969772
ID626,B,2567.160802298419,400.5416679478795,5127.50343770783
ID627,B,2577.924232759361,388.32385415679954,5167.89409141535
ID628,A,2595.278638800325,396.67032182674234,5797.465440610803
ID629,B,2542.036243737969,425.10278395337036,5072.380539420179
ID630,A,2664.5605827177696,389.64661389278706,6045.908175210987
ID631,C,2496.7908749753847,407.3617295010472,-2107.85232852227
ID632,C,2507.3100226092424,369.64436380517037,-2136.237031380923
ID633,C,2387.163318059954,412.4436876872431,-1956.2152280775813
ID634,C,2570.9275037020084,385.5394521560314,-2189.839587075728
ID635,B,2439.90626937226,403.52717028281256,4884.249051354904
ID636,B,2486.2429588257633,393.88998708807554,4981.191763363229
ID637,B,2470.4963042250097,392.6915934531601,4951.689471597615
ID638,C,2488.1708772540887,385.85098677449696,-2105.3202173814343
ID639,C,2493.1116170495916,377.1082571399361,-2101.4996635961693
ID640,C,2423.892768111003,378.78418613574706,-2052.124061181638
ID641,A,2378.657471379059,423.05751454255045,5024.908466792943
ID642,B,2432.0558365393435,382.82631003350787,4871.413871325141
ID643,C,2538.5460435543328,364.59228370248906,-2165.9769567071276
ID644,A,2483.7101523271413,383.18303974282156,5542.383081724969
ID645,C,2590.8870533589748,417.8302392541097,-2162.4411168622387
ID646,B,2576.9645099698096,430.77040647776295,5140.988890657157
ID647,C,2656.8447398852677,416.4145559267624,-2235.146087326943
ID648,A,2383.7056499016917,406.84343489396565,5121.928002732134
ID649,B,2420.52990067296,408.84118287721157,4842.233695151098
ID650,B,2698.582595115849,409.2717910598194,5415.295264937926
ID651,A,2385.3538170756365,408.3815963237537,5122.518366911838
ID652,A,2612.6470089800005,399.1816856846694,5828.39901977313
ID653,B,2174.709377524934,394.7931293759833,4334.824273429476
ID654,C,2451.9071193485283,390.03959289736747,-2057.9205369057
ID655,B,2481.466995338444,400.75929947646813,4982.102542872543
ID656,B,2497.941891239969,427.4336466168896,4991.886583319135
ID657,A,2338.500195680369,401.6962030814856,5000.186746568967
ID658,C,2601.4941775387015,400.74380908568105,-2198.8574672825353
ID659,B,2600.979333774346,403.394335117725,5215.497066505721
ID660,C,2628.509302108543,373.62575413137876,-2249.6853572122973
ID661,A,2447.33911766696,422.0094225450456,5217.745757299099
ID662,C,2460.8447330586505,378.46623626767723,-2105.747322931824
ID663,C,2443.0278880554565,411.71844424755415,-2044.4948360768312
ID664,B,2462.4740939971675,387.42044096658145,4928.3547715211935
ID665,B,2679.0207683542853,394.5324487068429,5346.442807741701
ID666,A,2629.508215279073,376.1908087042068,6012.600188368768
ID667,A,2504.415101201976,395.61692368094367,5542.63916320307
ID668,B,2489.201458499125,392.847944114227,4988.158418698951
ID669,B,2588.313696407935,398.23513639442575,5181.576706475054
ID670,A,2417.205454984075,385.81125736811794,5335.616618550262
ID671,C,2332.5674853312717,384.8100635898802,-1960.1963345567972
ID672,A,2516.735522197954,404.54162729991657,5539.3321486657205
ID673,A,2557.8692344348297,382.43477354114725,5772.497998626804
ID674,C,2485.989400712148,442.5620795616022,-2038.9890963862256
ID675,B,2481.3212996125408,408.6125569609234,4942.065951351443
ID676,B,2577.415728119509,389.81174795244,5156.6180100173815
ID677,B,2557.7630754692536,386.1599991232386,5113.932993439514
ID678,C,2426.364765505131,390.745760208985,-2022.0765057540082
ID679,C,2427.492119796026,379.9629406004869,-2054.8308869185
ID680,C,2562.7281117074895,377.0039624887154,-2184.7920165324467
ID681,B,2585.144234186538,382.3668398221906,5172.303536511092
ID682,A,2445.780482309992,415.0145058321945,5261.466625404463
ID683,C,2495.6478067939056,411.4654656551232,-2081.707654552255
ID684,C,2696.488964990353,434.8828606447207,-2256.2458470121655
ID685,A,2407.2106064557724,422.8803861560813,5091.044603120933
ID686,C,2481.444851472548,400.3269003466034,-2073.074050413685
ID687,C,2574.6877105898825,369.527008719491,-2211.787274457801
ID688,B,2584.576764042573,408.13598840461077,5157.503780587345
ID689,A,2469.107646084396,416.7477625134228,5313.361185126514
ID690,C,2408.9146587615596,401.8309304156072,-1988.4733700913134
ID691,B,2645.056585109241,406.833109326646,5299.979748725568
ID692,B,2442.2142752845302,405.0082435578894,4880.754230538758
ID693,A,2634.04731062718,396.06162716918874,5942.31408779966
ID694,B,2591.1505739954628,391.3167248678011,5168.122896268356
ID695,A,2576.031194057427,404.67179779430296,5708.949942097441
ID696,A,2575.300408025784,418.9471673473286,5648.4126617621805
ID697,B,2502.6132235648256,409.94616603027276,4998.688531104553
ID698,B,2393.971634738169,403.1029261462619,4769.709958288045
ID699,B,2338.2588456938843,413.52641043316675,4681.3631728870805
ID700,C,2619.1537702458554,373.4585801085627,-2245.906713091633
ID701,B,2363.781644936292,410.8373064332989,4722.245920581713
ID702,B,2556.417007827143,395.85847731814414,5103.471542979145
ID703,C,2509.096156298691,401.2964860206224,-2089.791890452689
ID704,A,2580.0136548203627,360.11848424200645,5946.76832880705
ID705,A,2478.2633948943503,404.40885838313335,5417.131376738817
ID706,C,2491.769303880597,405.73428546914624,-2083.0339867579937
ID707,C,2492.039492679069,402.54319984672327,-2083.63894854518
ID708,C,2547.377348947761,386.9296268026731,-2170.102033888474
ID709,B,2354.5311812474347,390.0030844360203,4695.874725516788
ID710,C,2619.567256482306,394.71450543600935,-2219.4495271297137
ID711,B,2513.7267780370535,373.9791916614702,5037.086073637767
ID712,A,2653.677582817795,415.62871218728026,5875.037264044857
ID713,B,2351.835410805935,410.45986123052757,4692.046012794356
ID714,A,2692.1613170555424,415.17869030021296,6029.848046625666
ID715,B,2495.8452034437655,418.1018097091555,4990.742480260526
ID716,A,2488.418717592854,436.10334220355014,5278.005604853876
ID717,B,2420.1342864005674,385.93082576372353,4856.257129894277
ID718,C,2435.2071651231004,402.81972016067175,-2055.641807500822
ID719,B,2371.932379385323,395.6809508493916,4732.568628904421
ID720,C,2518.7330065668243,398.3910985512162,-2123.1080674322066
ID721,A,2432.899320889424,422.68852084340085,5187.394370755855
ID722,C,2427.563568234305,376.3359294166673,-2033.4203209611183
ID723,A,2547.3789442484804,404.2025178172089,5604.275920413972
ID724,B,2497.243188041382,394.9630033169884,4990.6863908830155
ID725,A,2296.6837527401985,415.67593957363283,4794.573232275336
ID726,C,2510.984884974055,398.3899457294179,-2121.65011219797
ID727,C,2723.8403317208827,397.7356326538032,-2304.598120950994
ID728,A,2562.1551842498066,413.05632858538723,5634.974800857806
ID729,C,2645.4637189341165,404.2102590041474,-2246.4388036787163
ID730,B,2579.5353781682156,378.4357580689074,5165.273161672969
ID731,A,2531.2035798429306,401.9512806386799,5577.950540747319
ID732,B,2497.5825100869183,400.60023902571817,5028.465650841448
ID733,B,2459.5918918399325,404.67657557026365,4915.602334912463
ID734,B,2275.1437848137225,420.1445849414639,4537.066665047367
ID735,B,2477.5129628320365,425.3030813715527,4971.939130109121
ID736,C,2403.1671489144223,382.0757743305494,-2025.5584711226206
ID737,C,2581.239409334724,392.9313911689595,-2172.1302221977344
ID738,B,2451.577802721612,391.2998969473677,4918.608627978361
ID739,C,2539.354431123076,408.93979452615673,-2120.465346146582
ID740,B,2604.979697658369,397.81765218694954,5204.156593805019
ID741,C,2483.7783394306416,394.3778067610273,-2079.630786595625
ID742,B,2310.7064099727727,392.9423052935549,4625.216558687898
ID743,C,2477.4096521735987,398.15355738496766,-2078.6713089452956
ID744,B,2476.964600873202,389.36264460382307,4967.244004614719
ID745,B,2625.6119396086688,383.47423511975876,5242.92674620303
ID746,B,2398.982258135279,419.6941362108232,4802.433990417331
ID747,B,2562.2229350176467,401.28500792569776,5123.464989265121
ID748,C,2330.4293973687572,433.21215399612134,-1890.878762571424
ID749,A,2583.3150317231857,394.21191523908965,5764.630163185363
ID750,C,2684.279765293371,411.1510304779488,-2284.45531734783
ID751,C,2491.5649280767984,404.7697372571645,-2081.387293879609
ID752,A,2466.914513472364,413.43950025895845,5307.362825665801
ID753,B,2475.7026594064255,384.1065434232054,4923.896112690973
ID754,A,2464.8906324575746,408.6904843319578,5344.6752077602905
ID755,C,2600.1446108771333,391.75557124070923,-2206.8204234776676
ID756,C,2664.732039014749,387.7864744093759,-2307.0686127626454
ID757,B,2419.7850643962515,387.53856764647264,4826.583891976479
ID758,A,2405.193957764377,416.63841803556517,5137.316320044635
ID759,A,2461.6893911472885,424.1011614806777,5272.627044008132
ID760,C,2375.794053213873,405.06725199997703,-1969.240136622223
ID761,A,2515.7218368142862,429.67304044372696,5392.430286027824
ID762,C,2483.8006660630817,372.6880627986499,-2115.7678313149545
ID763,B,2469.668061960731,381.09906084050357,4957.535884210916
ID764,A,2473.7618283499364,390.6330602568583,5460.064481177534
ID765,B,2435.48968991042,388.83852902216495,4867.75797220795
ID766,B,2371.7926675033023,378.430301670994,4719.753080650726
ID767,B,2639.5438431915886,390.2104372216297,5272.838608888467
ID768,B,2526.5334692576694,387.8573386136077,5052.765328158765
ID769,C,2469.741948817066,398.95670129920927,-2069.188859406027
ID770,A,2513.2771097167374,384.30504286136613,5609.1385049854025
ID771,A,2563.6780789271943,388.05551045142965,5768.750589512303
ID772,B,2540.605890123721,406.66488042351835,5062.293809027578
ID773,A,2396.4915631818153,388.1789578664524,5272.301554273571
ID774,B,2541.257543272097,404.50763796296485,5061.156417733706
ID775,A,2638.706171149859,427.103054426842,5766.948709573921
ID776,B,2461.8776008037103,404.3773898523627,4906.707100872653
ID777,B,2669.4882654662483,418.9814683052821,5332.19434352268
ID778,C,2519.52071959777,415.21031679732675,-2084.4053576708166
ID779,A,2584.9289783836825,410.5035923291933,5699.0041476349525
ID780,C,2581.3938856112263,421.0450559170817,-2145.610535330696
ID781,C,2481.912377204,396.70590399737773,-2108.877308848561
ID782,A,2516.0287210805013,401.9313446517078,5545.989760802216
ID783,C,2459.8504086941957,392.6224017381656,-2062.2876752095685
ID784,B,2391.380608846392,389.2106993309719,4760.4446232629225
ID785,B,2497.759509397242,437.0951984246885,4997.288129098343
ID786,A,2581.903376032843,401.2744243867177,5740.511827778111
ID787,B,2489.418846916117,386.9577430734641,5002.094763494398
ID788,A,2506.30354007009,398.4178350997425,5516.962326264708
ID789,C,2535.439730639236,412.2840461639415,-2135.7520028463005
ID790,B,2556.5275521683593,403.12341393530596,5084.481595377981
ID791,C,2483.019612166254,393.9080499754217,-2080.295461686598
ID792,B,2393.9426845062867,431.76306430293704,4780.792343604453
ID793,B,2520.806917678582,395.1691510749669,5052.972089978088
ID794,A,2400.7724763054193,420.352734512682,5114.697839804627
ID795,A,2628.2233865259245,388.35551523371356,5958.073205895963
ID796,A,2487.949338770684,412.64727974373596,5410.205249074762
ID797,A,2449.490291025918,369.9884580904324,5492.784998514222
ID798,C,2440.0025568558244,401.6951019125452,-2054.820749390988
ID799,A,2474.3404692673166,387.48359407839524,5497.951668569004
ID800,C,2451.4643457635775,369.85190492684734,-2077.275736072639
